DATE,ME,AVG,TIME,RELATIVE SCORE,CO2,TEMP
04/24/19,109,165,,66.0606060606061,,
04/24/19,180,259,,69.4980694980695,,
04/24/19,193,229,,84.2794759825327,,
04/24/19,153,262,,58.3969465648855,,
04/24/19,177,235,,75.3191489361702,,
04/24/19,119,146,,81.5068493150685,,
04/24/19,74,100,,74,,
04/24/19,218,316,,68.9873417721519,,
04/24/19,108,211,,51.1848341232227,,
04/24/19,181,226,,80.0884955752212,,
04/24/19,136,187,,72.7272727272727,,
04/24/19,84,133,,63.1578947368421,,
04/24/19,147,223,,65.9192825112108,,
04/24/19,178,217,,82.0276497695853,,
04/24/19,88,121,,72.7272727272727,,
04/24/19,167,310,,53.8709677419355,,
04/24/19,154,178,,86.5168539325843,,
04/24/19,146,146,,100,,
04/24/19,174,169,,102.958579881657,,
04/24/19,153,243,,62.962962962963,,
04/24/19,104,163,,63.8036809815951,,
04/24/19,178,265,,67.1698113207547,,
04/24/19,201,197,,102.030456852792,,
04/24/19,146,172,,84.8837209302326,,
04/24/19,153,236,,64.8305084745763,,
04/25/19,241,252,,95.6349206349206,,
04/25/19,144,182,,79.1208791208791,,
04/25/19,124,207,,59.9033816425121,,
04/25/19,173,236,,73.3050847457627,,
04/25/19,116,141,,82.2695035460993,,
04/25/19,137,204,,67.156862745098,,
04/25/19,154,195,,78.974358974359,,
04/25/19,177,162,,109.259259259259,,
04/25/19,173,210,,82.3809523809524,,
04/25/19,140,174,,80.4597701149425,,
04/25/19,179,269,,66.542750929368,,
04/25/19,104,126,,82.5396825396825,,
04/25/19,223,230,,96.9565217391304,,
04/25/19,207,266,,77.8195488721805,,
04/25/19,121,154,,78.5714285714286,,
04/25/19,126,143,,88.1118881118881,,
04/25/19,109,125,,87.2,,
04/25/19,107,181,,59.1160220994475,,
04/25/19,131,169,,77.5147928994083,,
04/25/19,83,102,,81.3725490196078,,
04/26/19,150,190,,78.9473684210526,,
04/26/19,210,191,,109.947643979058,,
04/26/19,129,240,,53.75,,
04/26/19,165,337,,48.9614243323442,,
04/26/19,199,342,,58.187134502924,,
04/26/19,70,153,,45.7516339869281,,
04/26/19,156,247,,63.1578947368421,,
04/26/19,222,288,,77.0833333333333,,
04/26/19,86,143,,60.1398601398601,,
04/27/19,94,114,,82.4561403508772,,
04/27/19,126,178,,70.7865168539326,,
04/27/19,74,119,,62.1848739495798,,
04/27/19,79,126,,62.6984126984127,,
04/27/19,197,205,,96.0975609756098,,
04/27/19,147,128,,114.84375,,
04/27/19,95,114,,83.3333333333333,,
04/27/19,173,169,,102.366863905325,,
04/27/19,163,216,,75.462962962963,,
04/27/19,200,237,,84.3881856540084,,
04/27/19,144,183,,78.6885245901639,,
04/27/19,272,248,,109.677419354839,,
04/27/19,118,167,,70.6586826347305,,
04/27/19,106,113,,93.8053097345133,,
04/27/19,155,166,,93.3734939759036,,
04/27/19,140,189,,74.0740740740741,,
04/29/19,113,127,,88.9763779527559,,
04/29/19,179,152,,117.763157894737,,
04/29/19,206,272,,75.7352941176471,,
04/29/19,198,209,,94.7368421052632,,
04/29/19,126,276,,45.6521739130435,,
04/29/19,162,255,,63.5294117647059,,
04/29/19,234,228,,102.631578947368,,
04/30/19,139,210,,66.1904761904762,,
04/30/19,168,198,,84.8484848484848,,
04/30/19,253,287,,88.1533101045296,,
04/30/19,176,171,,102.923976608187,,
04/30/19,143,187,,76.4705882352941,,
04/30/19,148,204,,72.5490196078431,,
04/30/19,163,200,,81.5,,
04/30/19,65,71,,91.5492957746479,,
04/30/19,156,187,,83.4224598930481,,
04/30/19,184,229,,80.3493449781659,,
04/30/19,86,144,,59.7222222222222,,
04/30/19,53,77,,68.8311688311688,,
04/30/19,117,184,,63.5869565217391,,
04/30/19,121,278,,43.5251798561151,,
04/30/19,179,190,,94.2105263157895,,
04/30/19,92,110,,83.6363636363636,,
04/30/19,144,258,,55.8139534883721,,
05/17/19,152,235,,64.6808510638298,,
05/17/19,167,193,,86.5284974093264,,
05/17/19,150,139,,107.913669064748,,
05/17/19,180,268,,67.1641791044776,,
05/17/19,163,197,,82.741116751269,,
05/17/19,167,212,,78.7735849056604,,
05/20/19,192,253,,75.8893280632411,,
05/20/19,127,192,,66.1458333333333,,
05/20/19,143,152,,94.0789473684211,,
05/20/19,216,263,,82.1292775665399,,
05/20/19,90,147,,61.2244897959184,,
05/20/19,141,144,,97.9166666666667,,
05/20/19,150,224,,66.9642857142857,,
05/20/19,114,152,,75,,
05/20/19,250,250,,100,,
05/20/19,222,266,,83.4586466165414,,
05/20/19,73,125,,58.4,,
05/20/19,218,278,,78.4172661870504,,
05/20/19,161,219,,73.5159817351598,,
05/20/19,161,199,,80.9045226130653,,
05/20/19,265,289,,91.6955017301038,,
05/20/19,245,255,,96.078431372549,,
05/20/19,184,208,,88.4615384615385,,
05/20/19,128,204,,62.7450980392157,,
05/24/19,209,232,,90.0862068965517,,
05/24/19,116,242,,47.9338842975207,,
05/24/19,232,204,,113.725490196078,,
05/24/19,144,158,,91.1392405063291,,
05/24/19,175,222,,78.8288288288288,,
05/24/19,125,120,,104.166666666667,,
05/24/19,224,231,,96.969696969697,,
05/24/19,236,259,,91.1196911196911,,
05/24/19,212,245,,86.530612244898,,
05/24/19,183,303,,60.3960396039604,,
05/24/19,124,167,,74.251497005988,,
05/24/19,161,198,,81.3131313131313,,
05/24/19,150,160,,93.75,,
05/24/19,138,155,,89.0322580645161,,
05/24/19,150,199,,75.3768844221106,,
05/24/19,119,151,,78.8079470198676,,
05/24/19,170,232,,73.2758620689655,,
05/24/19,141,138,,102.173913043478,,
05/24/19,212,298,,71.1409395973154,,
05/26/19,159,155,,102.58064516129,,
05/26/19,174,232,,75,,
05/26/19,189,189,,100,,
05/26/19,167,169,,98.8165680473373,,
05/26/19,161,174,,92.5287356321839,,
05/26/19,100,157,,63.6942675159236,,
05/26/19,194,212,,91.5094339622642,,
05/26/19,159,239,,66.5271966527197,,
05/26/19,192,202,,95.049504950495,,
05/26/19,162,176,,92.0454545454546,,
05/26/19,172,195,,88.2051282051282,,
05/26/19,154,253,,60.8695652173913,,
05/26/19,122,199,,61.3065326633166,,
05/26/19,171,200,,85.5,,
05/26/19,182,208,,87.5,,
06/01/19,144,155,,92.9032258064516,,
06/01/19,177,216,,81.9444444444444,,
06/01/19,188,289,,65.0519031141868,,
06/01/19,158,190,,83.1578947368421,,
06/01/19,161,248,,64.9193548387097,,
06/01/19,102,140,,72.8571428571429,,
06/10/19,146,224,,65.1785714285714,,
06/10/19,137,172,,79.6511627906977,,
06/10/19,160,188,,85.1063829787234,,
06/10/19,258,264,,97.7272727272727,,
06/10/19,73,119,,61.3445378151261,,
06/10/19,114,185,,61.6216216216216,,
06/10/19,119,116,,102.586206896552,,
06/10/19,216,151,,143.046357615894,,
06/10/19,210,246,,85.3658536585366,,
06/10/19,120,126,,95.2380952380952,,
06/10/19,162,233,,69.5278969957082,,
06/10/19,262,269,,97.3977695167286,,
06/10/19,134,106,,126.415094339623,,
06/10/19,224,285,,78.5964912280702,,
06/10/19,260,241,,107.883817427386,,
06/10/19,318,287,,110.801393728223,,
06/17/19,199,282,,70.5673758865248,,
06/17/19,230,274,,83.9416058394161,,
06/17/19,141,198,,71.2121212121212,,
06/17/19,144,209,,68.8995215311005,,
06/17/19,194,163,,119.018404907975,,
06/17/19,85,113,,75.2212389380531,,
06/17/19,175,200,,87.5,,
06/17/19,157,217,,72.3502304147466,,
06/19/19,83,137,,60.5839416058394,,
06/19/19,125,128,,97.65625,,
06/19/19,186,160,,116.25,,
06/19/19,192,198,,96.969696969697,,
06/19/19,269,279,,96.415770609319,,
06/19/19,168,198,,84.8484848484848,,
06/19/19,215,325,,66.1538461538462,,
06/19/19,200,244,,81.9672131147541,,
06/19/19,159,213,,74.6478873239437,,
06/19/19,209,248,,84.2741935483871,,
06/19/19,172,177,,97.1751412429379,,
06/20/19,143,161,,88.8198757763975,,
06/20/19,167,165,,101.212121212121,,
06/20/19,116,134,,86.5671641791045,,
06/20/19,212,207,,102.415458937198,,
06/20/19,171,185,,92.4324324324324,,
07/06/19,226,249,,90.7630522088353,,
07/06/19,249,253,,98.4189723320158,,
07/06/19,163,217,,75.1152073732719,,
07/06/19,270,276,,97.8260869565217,,
07/06/19,207,241,,85.8921161825726,,
07/06/19,108,144,,75,,
07/06/19,335,228,,146.929824561404,,
07/06/19,145,191,,75.9162303664921,,
07/06/19,181,197,,91.8781725888325,,
07/08/19,139,180,,77.2222222222222,,
07/08/19,176,158,,111.392405063291,,
07/08/19,163,207,,78.743961352657,,
07/08/19,164,205,,80,,
07/08/19,285,241,,118.257261410788,,
07/08/19,146,160,,91.25,,
07/08/19,108,138,,78.2608695652174,,
07/13/19,232,230,,100.869565217391,,
07/13/19,281,278,,101.079136690647,,
07/13/19,262,249,,105.220883534137,,
07/13/19,215,189,,113.756613756614,,
07/13/19,217,177,,122.598870056497,,
11/02/19,273,250,,109.2,,
11/02/19,169,246,,68.6991869918699,,
11/02/19,180,217,,82.9493087557604,,
11/02/19,181,222,,81.5315315315315,,
11/02/19,198,207,,95.6521739130435,,
11/02/19,164,185,,88.6486486486487,,
11/07/19,278,339,,82.0058997050148,,
11/07/19,197,249,,79.1164658634538,,
11/07/19,179,190,,94.2105263157895,,
11/07/19,165,157,,105.095541401274,,
11/07/19,141,135,,104.444444444444,,
11/10/19,198,207,,95.6521739130435,,
11/10/19,216,237,,91.1392405063291,,
11/10/19,255,213,,119.718309859155,,
11/10/19,240,321,,74.7663551401869,,
11/10/19,124,146,,84.9315068493151,,
11/10/19,195,121,,161.157024793388,,
11/10/19,167,199,,83.9195979899498,,
11/10/19,187,188,,99.468085106383,,
11/10/19,175,243,,72.0164609053498,,
11/10/19,322,419,,76.8496420047733,,
11/10/19,194,262,,74.0458015267176,,
11/10/19,261,276,,94.5652173913043,,
11/10/19,106,130,,81.5384615384615,,
11/10/19,146,196,,74.4897959183674,,
11/15/19,223,220,,101.363636363636,,
11/15/19,188,219,,85.8447488584475,,
11/15/19,85,115,,73.9130434782609,,
11/15/19,223,240,,92.9166666666667,,
11/15/19,152,171,,88.8888888888889,,
12/01/19,227,252,,90.0793650793651,,
12/01/19,148,173,,85.5491329479769,,
12/01/19,316,272,,116.176470588235,,
12/01/19,144,206,,69.9029126213592,,
12/01/19,166,139,,119.424460431655,,
12/01/19,149,164,,90.8536585365854,,
12/01/19,199,178,,111.797752808989,,
12/01/19,140,216,,64.8148148148148,,
12/01/19,229,203,,112.807881773399,,
12/01/19,230,233,,98.7124463519313,,
12/01/19,161,136,,118.382352941176,,
12/01/19,241,236,,102.118644067797,,
12/01/19,240,231,,103.896103896104,,
12/01/19,201,219,,91.7808219178082,,
12/01/19,139,146,,95.2054794520548,,
12/01/19,91,109,,83.4862385321101,,
12/04/19,196,232,,84.4827586206896,,
12/04/19,192,170,,112.941176470588,,
12/04/19,133,131,,101.526717557252,,
12/04/19,131,113,,115.929203539823,,
12/04/19,178,213,,83.5680751173709,,
12/07/19,203,176,,115.340909090909,,
12/07/19,169,208,,81.25,,
12/07/19,226,235,,96.1702127659575,,
12/07/19,197,205,,96.0975609756098,,
12/07/19,184,202,,91.0891089108911,,
12/08/19,201,250,,80.4,,
12/08/19,86,87,,98.8505747126437,,
12/08/19,228,222,,102.702702702703,,
12/08/19,221,199,,111.05527638191,,
12/08/19,153,167,,91.6167664670659,,
12/08/19,161,159,,101.25786163522,,
12/08/19,262,253,,103.557312252964,,
12/15/19,274,249,,110.04016064257,,
12/15/19,210,260,,80.7692307692308,,
12/15/19,206,170,,121.176470588235,,
12/15/19,181,163,,111.042944785276,,
12/15/19,307,272,,112.867647058824,,
01/15/20,244,218,,111.926605504587,,
01/15/20,233,243,,95.8847736625514,,
01/15/20,130,102,,127.450980392157,,
01/15/20,155,181,,85.6353591160221,,
01/15/20,238,253,,94.0711462450593,,
01/19/20,284,319,,89.0282131661442,,
01/19/20,124,129,,96.1240310077519,,
01/19/20,278,233,,119.31330472103,,
01/19/20,171,170,,100.588235294118,,
01/19/20,180,202,,89.1089108910891,,
01/19/20,198,184,,107.608695652174,,
01/19/20,253,262,,96.5648854961832,,
02/02/20,157,153,,102.614379084967,,
02/02/20,197,164,,120.121951219512,,
02/02/20,251,262,,95.8015267175573,,
02/08/20,167,223,,74.8878923766816,,
02/08/20,135,166,,81.3253012048193,,
02/08/20,177,181,,97.7900552486188,,
02/14/20,258,304,,84.8684210526316,,
02/14/20,214,311,,68.8102893890675,,
02/14/20,225,278,,80.9352517985612,,
02/22/20,171,216,,79.1666666666667,,
02/22/20,292,359,,81.3370473537605,,
02/22/20,170,205,,82.9268292682927,,
02/23/20,251,224,,112.053571428571,,
02/23/20,229,303,,75.5775577557756,,
02/23/20,131,124,,105.645161290323,,
02/23/20,199,153,,130.065359477124,,
02/23/20,212,252,,84.1269841269841,,
02/23/20,93,67,,138.805970149254,,
02/29/20,116,94,,123.404255319149,,
02/29/20,107,84,,127.380952380952,,
02/29/20,217,185,,117.297297297297,,
02/29/20,169,159,,106.289308176101,,
02/29/20,227,198,,114.646464646465,,
03/06/20,331,251,,131.872509960159,,
03/06/20,156,146,,106.849315068493,,
03/06/20,230,225,,102.222222222222,,
03/24/20,178,257,,69.2607003891051,,
03/24/20,200,188,,106.382978723404,,
03/24/20,248,247,,100.404858299595,,
03/24/20,261,274,,95.2554744525548,,
03/24/20,206,222,,92.7927927927928,,
03/29/20,220,208,,105.769230769231,,
03/29/20,328,278,,117.985611510791,,
03/29/20,204,291,,70.1030927835051,,
03/29/20,221,245,,90.2040816326531,,
03/29/20,117,119,,98.3193277310924,,
04/03/20,126,120,,105,,
04/03/20,167,173,,96.5317919075144,,
04/03/20,198,177,,111.864406779661,,
04/03/20,298,267,,111.610486891386,,
04/03/20,188,205,,91.7073170731707,,
04/04/20,122,145,,84.1379310344828,,
04/04/20,232,231,,100.4329004329,,
04/04/20,169,160,,105.625,,
04/04/20,172,202,,85.1485148514852,,
04/05/20,250,217,,115.207373271889,,
04/05/20,195,218,,89.4495412844037,,
04/05/20,171,178,,96.0674157303371,,
05/23/20,272,270,,100.740740740741,,
05/23/20,153,159,,96.2264150943396,,
06/14/20,137,152,,90.1315789473684,,
06/14/20,256,173,,147.976878612717,,
06/14/20,198,236,,83.8983050847458,,
06/14/20,199,225,,88.4444444444445,,
06/14/20,174,193,,90.1554404145078,,
06/15/20,221,372,,59.4086021505376,,
06/14/20,201,209,,96.1722488038278,,
06/14/20,243,281,,86.4768683274021,,
06/14/20,129,175,,73.7142857142857,,
07/03/20,236,227,,103.964757709251,,
07/03/20,180,256,,70.3125,,
07/03/20,213,227,,93.8325991189427,,
07/03/20,152,148,,102.702702702703,,
07/03/20,204,168,,121.428571428571,,
07/03/20,205,266,,77.0676691729323,,
07/03/20,179,198,,90.4040404040404,,
07/04/20,247,239,,103.347280334728,,
07/04/20,160,188,,85.1063829787234,,
07/04/20,213,307,,69.3811074918567,,
07/04/20,167,183,,91.2568306010929,,
07/13/20,229,263,,87.0722433460076,,
07/13/20,127,154,,82.4675324675325,,
07/13/20,211,268,,78.7313432835821,,
07/13/20,303,271,,111.808118081181,,
07/13/20,118,122,,96.7213114754098,,
07/15/20,194,261,,74.3295019157088,,
07/15/20,174,187,,93.048128342246,,
07/15/20,266,254,,104.724409448819,,
07/15/20,168,140,,120,,
07/15/20,206,174,,118.390804597701,,
07/15/20,131,141,,92.9078014184397,,
07/15/20,255,335,,76.1194029850746,,
07/15/20,213,222,,95.9459459459459,,
07/15/20,180,163,,110.429447852761,,
07/17/20,147,199,,73.8693467336683,,
07/19/20,117,116,,100.862068965517,,
07/19/20,280,329,,85.1063829787234,,
07/19/20,255,275,,92.7272727272727,,
07/19/20,155,152,,101.973684210526,,
07/23/20,244,241,,101.244813278008,,
07/23/20,194,179,,108.379888268156,,
07/23/20,200,187,,106.951871657754,,
07/23/20,179,189,,94.7089947089947,,
07/24/20,165,103,,160.194174757282,,
07/24/20,283,276,,102.536231884058,,
07/24/20,193,197,,97.9695431472081,,
07/24/20,255,224,,113.839285714286,,
07/24/20,142,197,,72.0812182741117,,
07/25/20,174,206,,84.4660194174757,,
07/25/20,191,219,,87.2146118721461,,
07/26/20,270,302,,89.4039735099338,,
07/26/20,246,266,,92.4812030075188,,
07/26/20,210,240,,87.5,,
07/31/20,174,178,,97.7528089887641,,
07/31/20,231,205,,112.682926829268,,
07/31/20,246,299,,82.2742474916388,,
07/31/20,219,267,,82.0224719101124,,
07/31/20,98,139,,70.5035971223022,,
07/31/20,193,233,,82.8326180257511,,
12/29/20,296,383,,77.2845953002611,,
12/29/20,282,215,,131.162790697674,,
12/29/20,221,271,,81.549815498155,,
12/29/20,162,220,,73.6363636363636,,
12/31/20,248,194,,127.835051546392,,
12/31/20,96,105,,91.4285714285714,,
12/31/20,212,193,,109.844559585492,,
12/31/20,142,167,,85.0299401197605,,
12/31/20,154,168,,91.6666666666667,,
01/01/21,124,128,,96.875,,
01/01/21,196,163,,120.245398773006,,
01/01/21,243,236,,102.966101694915,,
01/01/21,199,308,,64.6103896103896,,
01/01/21,228,292,,78.0821917808219,,
01/01/21,140,185,,75.6756756756757,,
01/03/21,158,162,,97.5308641975309,,
01/03/21,120,115,,104.347826086957,,
01/03/21,225,231,,97.4025974025974,,
01/03/21,247,283,,87.2791519434629,,
01/03/21,214,197,,108.629441624365,,
01/03/21,276,284,,97.1830985915493,,
01/03/21,177,202,,87.6237623762376,,
01/03/21,224,229,,97.8165938864629,,
01/03/21,194,262,,74.0458015267176,,
01/12/21,194,228,,85.0877192982456,,
01/12/21,240,318,,75.4716981132076,,
01/18/21,270,266,,101.503759398496,,
01/18/21,211,221,,95.4751131221719,,
01/18/21,210,185,,113.513513513514,,
01/18/21,244,205,,119.024390243902,,
01/18/21,291,267,,108.988764044944,,
01/19/21,188,218,,86.2385321100918,,
01/19/21,172,181,,95.0276243093923,,
01/19/21,182,166,,109.638554216867,,
01/19/21,236,234,,100.854700854701,,
01/19/21,150,188,,79.7872340425532,,
04/06/21,172,150,,114.666666666667,1179,
04/06/21,204,244,,83.6065573770492,1191,
04/06/21,165,205,,80.4878048780488,1202,
04/06/21,282,337,,83.6795252225519,1210,
04/07/21,167,226,,73.8938053097345,514,
04/07/21,128,128,,100,540,
04/07/21,105,121,,86.7768595041322,560,
04/07/21,206,175,,117.714285714286,574,
04/07/21,214,187,,114.438502673797,595,
04/07/21,142,180,,78.8888888888889,617,
04/07/21,287,288,,99.6527777777778,1010,
04/08/21,193,270,,71.4814814814815,1262,
04/08/21,169,142,,119.014084507042,1276,
04/08/21,183,170,,107.647058823529,1285,
04/08/21,358,351,,101.994301994302,1377,
04/08/21,268,276,,97.1014492753623,1399,
04/08/21,256,253,,101.185770750988,1523,
04/08/21,91,88,,103.409090909091,1388,
04/08/21,263,353,,74.5042492917847,1499,
04/08/21,235,246,,95.5284552845528,1507,
04/08/21,186,179,,103.91061452514,1690,
04/08/21,154,127,,121.259842519685,1695,
04/08/21,112,130,,86.1538461538462,1710,
04/08/21,170,160,,106.25,955,
04/08/21,111,158,,70.253164556962,949,
04/08/21,254,296,,85.8108108108108,937,
04/08/21,85,77,,110.38961038961,934,
04/08/21,109,109,,100,974,
04/09/21,192,208,,92.3076923076923,1163,
04/09/21,175,182,,96.1538461538462,1005,
04/09/21,208,242,,85.9504132231405,1040,
04/09/21,266,466,,57.0815450643777,1068,
04/09/21,161,200,,80.5,1042,
04/09/21,144,174,,82.7586206896552,1048,
04/09/21,120,121,,99.1735537190083,1049,
04/09/21,184,176,,104.545454545455,572,
04/09/21,151,153,,98.6928104575163,577,
04/10/21,194,235,,82.5531914893617,1239,
04/10/21,188,178,,105.61797752809,1247,
04/10/21,234,304,,76.9736842105263,1248,
04/10/21,347,246,,141.056910569106,1130,
04/10/21,147,156,,94.2307692307692,1152,
04/10/21,297,200,,148.5,1630,
04/10/21,306,306,,100,1205,
04/10/21,159,155,,102.58064516129,2017,
04/10/21,296,292,,101.369863013699,2009,
04/10/21,260,316,,82.2784810126582,1991,
04/10/21,170,216,,78.7037037037037,1174,
04/10/21,320,367,,87.1934604904632,844,
04/10/21,165,128,,128.90625,850,
04/10/21,192,188,,102.127659574468,853,
04/10/21,199,143,,139.160839160839,884,
04/11/21,164,191,,85.8638743455498,1207,
04/11/21,254,270,,94.0740740740741,1989,
04/13/21,203,183,,110.928961748634,2240,
04/13/21,321,209,,153.588516746411,2200,
04/13/21,234,163,,143.558282208589,2188,
04/13/21,243,287,,84.6689895470383,2133,
04/14/21,266,295,,90.1694915254237,429,
04/18/21,83,91,,91.2087912087912,1491,
04/18/21,176,181,,97.2375690607735,1301,
04/18/21,378,268,,141.044776119403,1317,
04/18/21,29,44,,65.9090909090909,1332,
04/18/21,255,326,,78.2208588957055,1348,
04/18/21,84,102,,82.3529411764706,445,
04/19/21,231,214,,107.943925233645,807,
04/19/21,181,180,,100.555555555556,830,
04/20/21,170,175,,97.1428571428571,1143,
04/20/21,240,208,,115.384615384615,1155,
04/20/21,227,173,,131.21387283237,531,
04/20/21,185,215,,86.046511627907,559,
04/20/21,216,221,,97.737556561086,570,
04/20/21,179,215,,83.2558139534884,576,
04/21/21,248,264,,93.9393939393939,944,
04/21/21,239,232,,103.01724137931,808,
04/21/21,237,204,,116.176470588235,416,
04/21/21,76,125,,60.8,426,
04/22/21,182,208,,87.5,963,
04/22/21,133,179,,74.3016759776536,1016,
04/22/21,196,215,,91.1627906976744,1020,
04/22/21,246,238,,103.361344537815,1233,
04/22/21,240,211,,113.744075829384,1283,
04/22/21,212,189,,112.169312169312,1234,
04/22/21,130,161,,80.7453416149068,1283,
04/23/21,207,221,,93.6651583710407,459,
04/26/21,269,206,,130.582524271845,1660,
04/26/21,177,183,,96.7213114754098,895,
04/27/21,127,127,,100,1140,
04/28/21,171,230,,74.3478260869565,1492,
04/28/21,173,181,,95.5801104972376,2027,
04/29/21,172,182,,94.5054945054945,1914,
04/29/21,236,217,,108.755760368664,1615,
04/29/21,234,315,,74.2857142857143,880,
04/29/21,288,519,,55.4913294797688,880,
04/29/21,223,223,,100,879,
04/29/21,153,131,,116.793893129771,1360,
04/29/21,219,262,,83.587786259542,2082,
05/04/21,205,185,,110.810810810811,2169,
05/06/21,240,224,,107.142857142857,1320,
05/06/21,221,174,,127.011494252874,1291,
05/07/21,279,240,,116.25,1345,
05/09/21,232,212,,109.433962264151,1404,
05/09/21,180,206,,87.378640776699,2035,
05/12/21,165,229,,72.0524017467249,1420,
05/12/21,136,164,,82.9268292682927,1213,
05/16/21,135,121,,111.570247933884,1215,
05/16/21,159,139,,114.388489208633,1221,
05/16/21,185,142,,130.281690140845,1226,
05/16/21,147,158,,93.0379746835443,1237,
05/16/21,143,140,,102.142857142857,1146,
05/16/21,160,221,,72.3981900452489,1166,
05/16/21,285,212,,134.433962264151,1208,
05/16/21,263,226,,116.371681415929,693,
05/16/21,156,193,,80.8290155440415,692,
05/16/21,117,139,,84.1726618705036,830,
05/16/21,217,272,,79.7794117647059,1022,
05/20/21,254,237,,107.172995780591,1211,
05/20/21,241,250,,96.4,1209,
05/20/21,207,170,,121.764705882353,1210,
05/20/21,155,203,,76.3546798029557,1676,
05/21/21,245,317,,77.2870662460568,1699,
05/21/21,120,123,,97.5609756097561,1292,
05/21/21,114,97,,117.525773195876,1305,
05/21/21,166,168,08:20:00 PM,98.8095238095238,805,
05/21/21,146,125,09:37:00 PM,116.8,1029,
05/21/21,341,285,09:41:00 PM,119.649122807018,1057,
05/21/21,226,194,02:50:00 PM,116.494845360825,1113,
05/22/21,186,184,02:50:00 PM,101.086956521739,1352,
05/22/21,263,197,02:50:00 PM,133.502538071066,1367,
05/22/21,235,187,02:50:00 PM,125.668449197861,1385,
05/22/21,142,140,06:30:00 PM,101.428571428571,937,
05/22/21,199,238,,83.6134453781513,959,
05/22/21,134,97,01:40:00 AM,138.144329896907,1788,
05/22/21,178,241,01:44:00 AM,73.8589211618257,1773,
05/22/21,293,240,01:48:00 AM,122.083333333333,1696,
05/22/21,299,311,01:52:00 AM,96.1414790996785,1632,
05/22/21,237,176,01:55:00 AM,134.659090909091,1609,
05/23/21,169,160,06:37:00 PM,105.625,833,
05/23/21,230,335,06:41:00 PM,68.6567164179104,868,
05/23/21,279,322,07:36:00 PM,86.6459627329193,969,
05/23/21,162,163,09:04:00 PM,99.3865030674847,1227,73
05/23/21,195,173,09:08:00 PM,112.71676300578,1229,73
05/23/21,209,169,09:12:00 PM,123.668639053254,1248,73
05/23/21,192,246,10:43:00 PM,78.0487804878049,1052,72
05/23/21,116,113,11:04:00 AM,102.654867256637,1086,72
05/23/21,109,110,11:55:00 PM,99.0909090909091,,72
05/24/21,140,150,02:06:00 AM,93.3333333333333,1013,71
05/24/21,311,264,02:10:00 AM,117.80303030303,1015,71
05/24/21,198,234,02:39:00 PM,84.6153846153846,1425,71
05/24/21,327,355,02:43:00 PM,92.112676056338,1427,71
05/24/21,375,517,02:47:00 PM,72.5338491295938,1452,71
05/24/21,214,235,02:51:00 PM,91.063829787234,1470,71
05/24/21,191,210,07:10:00 PM,90.952380952381,1066,75
05/24/21,228,248,07:23:00 PM,91.9354838709677,1145,75
05/25/21,254,265,01:22:00 PM,95.8490566037736,1831,72
05/25/21,228,212,01:28:00 PM,107.547169811321,1811,72
05/25/21,159,141,01:55:00 PM,112.765957446809,1356,72
05/25/21,282,357,03:39:00 PM,78.9915966386555,1614,72
05/25/21,102,114,05:30:00 PM,89.4736842105263,1422,75
05/26/21,237,201,01:32:00 PM,117.910447761194,1217,71
05/26/21,261,259,01:35:00 PM,100.772200772201,1245,71
05/26/21,105,128,01:39:00 PM,82.03125,1259,71
05/26/21,177,198,01:43:00 PM,89.3939393939394,1272,71
05/26/21,293,190,08:14:00 PM,154.210526315789,511,71
05/26/21,203,169,08:16:00 PM,120.118343195266,516,71
05/26/21,215,150,08:22:00 PM,143.333333333333,571,71
05/26/21,239,197,08:26:00 PM,121.319796954315,595,71
05/26/21,270,255,08:26:00 PM,105.882352941176,615,71
05/26/21,169,195,10:44:00 PM,86.6666666666667,913,71
05/26/21,208,248,10:47:00 PM,83.8709677419355,923,71
05/27/21,264,273,12:37:00 AM,96.7032967032967,843,71
05/27/21,292,242,12:41:00 AM,120.661157024793,867,71
05/27/21,294,293,12:44:00 AM,100.341296928328,482,66
05/27/21,258,266,12:49:00 AM,96.9924812030075,275,66
05/27/21,114,201,01:33:00 PM,56.7164179104478,417,70
05/31/21,157,269,10:52:00 AM,58.364312267658,600,70
05/31/21,278,294,11:28:00 AM,94.5578231292517,1500,69
05/31/21,196,144,11:32:00 AM,136.111111111111,1605,69
05/31/21,235,183,11:36:00 AM,128.415300546448,1649,69
05/31/21,184,238,01:03:00 PM,77.3109243697479,1189,71
05/31/21,334,305,01:07:00 PM,109.508196721311,1298,71
05/31/21,254,205,01:10:00 PM,123.90243902439,1333,71
05/31/21,138,135,01:14:00 PM,102.222222222222,1366,71
05/31/21,192,199,01:44:00 PM,96.4824120603015,1250,71
05/31/21,333,327,01:48:00 PM,101.834862385321,1338,71
05/31/21,191,196,01:51:00 PM,97.4489795918367,1369,71
05/31/21,284,210,03:20:00 PM,135.238095238095,1479,71
05/31/21,147,98,03:24:00 PM,150,1520,71
05/31/21,165,184,07:09:00 PM,89.6739130434783,1150,71
06/01/21,200,171,11:40:00 AM,116.959064327485,1438,70
06/01/21,207,184,11:44:00 AM,112.5,1424,70
06/01/21,214,187,11:55:00 AM,114.438502673797,985,69
06/01/21,251,224,11:59:00 AM,112.053571428571,989,69
06/01/21,147,173,12:03:00 PM,84.971098265896,522,67
06/02/21,221,226,03:00:00 PM,97.787610619469,986,70
06/02/21,326,277,03:02:00 PM,117.689530685921,1020,70
06/02/21,233,233,03:06:00 PM,100,1030,70
06/03/21,163,185,11:59:00 AM,88.1081081081081,998,70
06/03/21,291,272,12:05:00 PM,106.985294117647,1084,70
06/03/21,173,175,12:09:00 PM,98.8571428571429,1112,70
06/03/21,189,221,10:37:00 PM,85.5203619909502,3208,73
06/03/21,243,193,10:41:00 AM,125.906735751295,3138,73
06/03/21,246,196,10:45:00 PM,125.510204081633,3089,73
06/03/21,215,148,10:50:00 PM,145.27027027027,3080,73
06/03/21,139,135,10:52:00 PM,102.962962962963,3080,73
06/04/21,202,207,01:38:00 AM,97.5845410628019,1314,72
06/04/21,280,392,01:41:00 AM,71.4285714285714,1330,72
06/04/21,275,285,02:44:00 PM,96.4912280701754,969,73
06/04/21,121,104,02:48:00 PM,116.346153846154,1000,73
06/04/21,258,260,02:52:00 PM,99.2307692307692,1036,73
06/04/21,133,143,02:56:00 PM,93.006993006993,1070,73
06/04/21,186,211,04:05:00 PM,88.1516587677725,1233,73
06/04/21,146,156,,93.5897435897436,1293,73
06/04/21,201,219,09:09:00 PM,91.7808219178082,692,75
06/04/21,294,234,09:13:00 PM,125.641025641026,745,75
06/04/21,217,208,09:17:00 PM,104.326923076923,776,75
06/04/21,253,192,10:00:00 PM,131.770833333333,984,75
06/04/21,318,305,10:04:00 PM,104.262295081967,1003,75
06/04/21,220,327,10:07:00 PM,67.2782874617737,1035,75
06/04/21,236,239,10:16:00 PM,98.744769874477,1084,75
06/04/21,192,175,10:20:00 PM,109.714285714286,1118,75
06/04/21,271,253,10:58:00 PM,107.114624505929,1333,74
06/04/21,281,265,11:02:00 PM,106.037735849057,1346,74
06/05/21,194,188,12:03:00 AM,103.191489361702,628,68
06/05/21,210,243,12:08:00 AM,86.4197530864197,637,68
06/05/21,167,182,01:41:00 AM,91.7582417582418,889,72
06/05/21,190,157,01:45:00 AM,121.019108280255,918,72
06/05/21,197,209,01:49:00 AM,94.2583732057416,946,72
06/05/21,159,174,01:53:00 AM,91.3793103448276,977,72
06/05/21,228,287,11:06:00 AM,79.4425087108014,1388,71
06/05/21,238,205,11:10:00 AM,116.09756097561,1493,71
06/05/21,202,220,11:14:00 AM,91.8181818181818,1500,71
06/05/21,270,208,11:17:00 AM,129.807692307692,1607,71
06/05/21,251,268,11:43:00 AM,93.6567164179104,1223,71
06/05/21,217,239,10:14:00 PM,90.7949790794979,794,72
06/05/21,251,333,10:18:00 PM,75.3753753753754,768,72
06/05/21,190,253,10:22:00 PM,75.098814229249,735,72
06/05/21,229,184,11:29:00 PM,124.45652173913,609,67
06/05/21,168,186,11:43:00 PM,90.3225806451613,610,67
06/06/21,317,290,11:30:00 AM,109.310344827586,1085,69
06/06/21,118,99,11:34:00 AM,119.191919191919,1102,69
06/06/21,268,205,11:38:00 AM,130.731707317073,1111,69
06/06/21,133,156,02:01:00 PM,85.2564102564103,1316,73
06/06/21,314,470,02:05:00 PM,66.8085106382979,1300,73
06/06/21,221,253,02:08:00 PM,87.3517786561265,1289,73
06/06/21,175,203,04:20:00 PM,86.2068965517241,1212,76
06/06/21,204,186,06:38:00 PM,109.677419354839,590,76
06/06/21,275,217,06:47:00 PM,126.728110599078,622,75
06/06/21,244,188,06:54:00 PM,129.787234042553,662,75
06/06/21,157,141,07:11:00 PM,111.347517730496,693,73
06/06/21,256,309,07:15:00 PM,82.8478964401295,707,73
06/06/21,137,116,07:34:00 PM,118.103448275862,722,72
06/06/21,281,260,09:32:00 PM,108.076923076923,972,71
06/07/21,333,258,01:02:00 AM,129.06976744186,1135,68
06/07/21,305,304,09:39:00 AM,100.328947368421,1152,64
06/07/21,184,176,09:43:00 AM,104.545454545455,1150,65
06/07/21,229,225,09:46:00 AM,101.777777777778,1156,65
06/07/21,244,257,10:55:00 AM,94.9416342412451,1219,66
06/07/21,154,177,11:31:00 AM,87.0056497175141,1114,67
06/07/21,308,277,11:35:00 AM,111.191335740072,1123,67
06/07/21,237,241,11:39:00 AM,98.3402489626556,1147,67
06/07/21,250,257,12:03:00 PM,97.2762645914397,1199,68
06/07/21,149,133,12:46:00 PM,112.03007518797,1224,69
06/07/21,300,271,12:50:00 PM,110.70110701107,1253,69
06/07/21,232,225,03:43:00 PM,103.111111111111,1316,75
06/07/21,127,137,03:54:00 PM,92.7007299270073,1311,75
06/07/21,234,289,04:17:00 PM,80.9688581314879,1325,76
06/07/21,208,190,04:45:00 PM,109.473684210526,1299,77
06/07/21,204,182,04:49:00 PM,112.087912087912,1298,77
06/07/21,320,260,11:10:00 PM,123.076923076923,970,71
06/07/21,186,150,11:14:00 PM,124,968,72
06/07/21,184,172,11:32:00 PM,106.976744186047,872,69
06/07/21,233,235,11:36:00 PM,99.1489361702128,860,69
06/08/21,234,243,12:25:00 AM,96.2962962962963,832,67
06/08/21,205,202,12:46:00 PM,101.485148514851,1262,68
06/08/21,98,88,01:01:00 PM,111.363636363636,1060,68
06/08/21,210,231,01:05:00 PM,90.9090909090909,1057,68
06/08/21,244,243,01:21:00 PM,100.411522633745,1134,69
06/08/21,182,220,04:20:00 PM,82.7272727272727,1141,72
06/08/21,273,532,04:24:00 PM,51.3157894736842,1142,72
06/08/21,246,204,04:28:00 PM,120.588235294118,1127,72
06/08/21,253,270,08:48:00 PM,93.7037037037037,945,74
06/08/21,181,197,08:54:00 PM,91.8781725888325,950,74
06/09/21,198,245,12:15:00 PM,80.8163265306122,1141,66
06/09/21,194,145,12:19:00 PM,133.793103448276,1115,66
06/09/21,188,178,12:22:00 PM,105.61797752809,1107,66
06/09/21,286,476,12:26:00 PM,60.0840336134454,1116,66
06/09/21,307,280,04:05:00 PM,109.642857142857,1203,71
06/09/21,234,239,04:09:00 PM,97.907949790795,1209,71
06/09/21,251,186,04:12:00 PM,134.94623655914,1205,71
06/09/21,327,358,04:28:00 PM,91.340782122905,2071,71
06/09/21,256,269,04:29:00 PM,95.1672862453531,1075,71
06/09/21,259,219,05:33:00 PM,118.264840182648,1127,73
06/09/21,250,272,05:37:00 PM,91.9117647058824,1133,73
06/09/21,350,429,05:49:00 PM,81.5850815850816,682,73
06/09/21,199,176,05:53:00 PM,113.068181818182,732,73
06/09/21,250,243,05:57:00 PM,102.880658436214,757,75
06/09/21,220,204,08:13:00 PM,107.843137254902,929,74
06/09/21,218,270,11:23:00 PM,80.7407407407407,1289,69
06/09/21,248,303,11:27:00 PM,81.8481848184819,1294,69
06/09/21,201,196,11:30:00 PM,102.551020408163,1294,69
06/09/21,223,297,11:35:00 AM,75.0841750841751,1311,69
06/10/21,232,249,12:27:00 PM,93.1726907630522,1359,66
06/10/21,186,155,12:31:00 PM,120,1359,66
06/10/21,284,262,12:37:00 PM,108.396946564886,1406,66
06/10/21,194,184,03:52:00 PM,105.434782608696,1463,72
06/10/21,191,237,03:57:00 PM,80.5907172995781,1475,72
06/10/21,284,278,04:08:00 PM,102.158273381295,1474,72
06/10/21,181,168,05:08:00 PM,107.738095238095,1513,73
06/10/21,202,205,06:00:00 PM,98.5365853658537,968,77
06/10/21,308,249,09:27:00 PM,123.694779116466,685,70
06/10/21,171,148,09:31:00 PM,115.540540540541,692,70
06/10/21,147,199,09:35:00 PM,73.8693467336683,684,70
06/10/21,164,194,11:53:00 PM,84.5360824742268,1055,68
06/11/21,146,112,08:49:00 AM,130.357142857143,1296,62
06/11/21,243,215,08:53:00 AM,113.023255813954,1296,62
06/11/21,133,212,08:57:00 AM,62.7358490566038,1296,62
06/11/21,243,308,09:00:00 AM,78.8961038961039,1304,62
06/11/21,227,234,02:44:00 PM,97.008547008547,1421,71
06/11/21,147,123,04:39:00 PM,119.512195121951,1038,74
06/11/21,118,158,04:43:00 PM,74.6835443037975,1038,74
06/11/21,290,311,04:51:00 PM,93.2475884244373,1017,74
06/11/21,311,327,10:13:00 PM,95.1070336391437,851,73
06/11/21,244,280,10:16:00 PM,87.1428571428571,841,73
06/12/21,185,164,06:28:00 AM,112.80487804878,1374,68
06/12/21,123,94,06:33:00 AM,130.851063829787,1374,68
06/12/21,256,312,06:36:00 AM,82.051282051282,1374,68
06/12/21,223,176,08:46:00 AM,126.704545454545,1329,69
06/12/21,286,280,09:18:00 AM,102.142857142857,1400,70
06/12/21,91,123,09:21:00 AM,73.9837398373984,1400,70
06/12/21,255,264,01:32:00 PM,96.5909090909091,1343,75
06/12/21,279,211,02:01:00 PM,132.227488151659,1323,76
06/12/21,109,136,02:05:00 PM,80.1470588235294,1323,76
06/12/21,306,294,02:20:00 PM,104.081632653061,1103,77
06/12/21,233,192,02:38:00 PM,121.354166666667,1138,77
06/12/21,280,376,02:50:00 PM,74.468085106383,1055,77
06/12/21,217,219,03:24:00 PM,99.0867579908676,947,77
06/12/21,251,288,03:31:00 PM,87.1527777777778,881,77
06/12/21,280,248,04:25:00 PM,112.903225806452,617,74
06/12/21,180,176,04:44:00 PM,102.272727272727,580,74
06/12/21,300,230,05:44:00 PM,130.434782608696,573,79
06/12/21,253,249,06:21:00 PM,101.606425702811,689,81
06/12/21,282,299,07:28:00 PM,94.314381270903,780,84
06/12/21,125,108,12:05:00 AM,115.740740740741,630,73
06/12/21,209,197,12:09:00 AM,106.091370558376,624,72
06/12/21,152,177,12:13:00 AM,85.8757062146893,614,72
06/12/21,133,189,12:17:00 AM,70.3703703703704,614,72
06/13/21,156,161,08:26:00 AM,96.8944099378882,799,69
06/13/21,166,164,08:30:00 AM,101.219512195122,799,69
06/13/21,144,199,08:33:00 AM,72.3618090452261,828,69
06/13/21,259,224,08:41:00 AM,115.625,834,70
06/13/21,276,221,08:45:00 AM,124.886877828054,841,70
06/13/21,113,118,08:49:00 AM,95.7627118644068,846,70
06/13/21,250,243,09:50:00 AM,102.880658436214,800,71
06/13/21,151,160,09:53:00 AM,94.375,829,71
06/13/21,220,204,10:31:00 AM,107.843137254902,909,71
06/13/21,197,263,08:26:00 PM,74.9049429657795,409,76
06/13/21,162,229,08:30:00 PM,70.7423580786026,416,76
06/13/21,268,229,09:06:00 PM,117.03056768559,423,73
06/13/21,278,308,09:10:00 PM,90.2597402597403,423,73
06/13/21,190,146,11:40:00 PM,130.13698630137,738,71
06/13/21,363,324,11:44:00 PM,112.037037037037,750,71
06/13/21,179,164,11:47:00 PM,109.146341463415,753,71
06/14/21,247,240,08:14:00 AM,102.916666666667,887,70
06/14/21,214,261,08:18:00 AM,81.992337164751,884,70
06/14/21,130,165,09:02:00 AM,78.7878787878788,675,71
06/14/21,259,353,09:52:00 AM,73.371104815864,827,71
06/14/21,293,264,01:18:00 PM,110.984848484848,900,73
06/14/21,152,238,01:54:00 AM,63.8655462184874,904,75
06/14/21,139,204,02:04:00 PM,68.1372549019608,759,75
06/14/21,252,217,02:24:00 PM,116.129032258065,814,76
06/14/21,270,210,04:48:00 PM,128.571428571429,601,72
06/14/21,189,170,04:52:00 AM,111.176470588235,611,73
06/14/21,197,157,05:29:00 PM,125.477707006369,741,77
06/14/21,221,255,07:19:00 PM,86.6666666666667,902,84
06/14/21,302,361,07:41:00 PM,83.6565096952909,803,84
06/14/21,247,225,10:11:00 PM,109.777777777778,545,74
06/14/21,210,205,10:15:00 PM,102.439024390244,545,74
06/14/21,200,227,11:55:00 PM,88.1057268722467,565,67
06/14/21,254,257,11:59:00 PM,98.8326848249027,565,67
06/15/21,139,140,07:24:00 AM,99.2857142857143,848,65
06/15/21,194,277,07:28:00 AM,70.0361010830325,869,65
06/15/21,246,215,01:42:00 PM,114.418604651163,1291,73
06/15/21,289,300,01:46:00 PM,96.3333333333333,1291,73
06/15/21,181,198,01:49:00 PM,91.4141414141414,1306,73
06/15/21,293,244,02:02:00 PM,120.081967213115,1358,74
06/15/21,188,260,02:06:00 PM,72.3076923076923,1358,74
06/15/21,262,377,04:20:00 PM,69.4960212201592,638,71
06/15/21,149,217,05:40:00 PM,68.6635944700461,749,77
06/15/21,171,173,08:17:00 PM,98.8439306358382,1091,81
06/15/21,166,198,08:21:00 PM,83.8383838383838,1086,81
06/15/21,159,135,08:55:00 PM,117.777777777778,609,77
06/15/21,206,245,08:59:00 PM,84.0816326530612,468,74
06/15/21,189,202,09:15:00 PM,93.5643564356436,782,76
06/15/21,264,238,10:32:00 PM,110.924369747899,637,71
06/15/21,163,125,10:35:00 PM,130.4,631,71
06/15/21,294,263,10:39:00 PM,111.787072243346,621,71
06/15/21,248,238,10:43:00 PM,104.201680672269,614,70
06/15/21,152,190,11:09:00 PM,80,614,71
06/15/21,237,284,11:23:00 PM,83.4507042253521,664,72
06/16/21,292,301,10:31:00 AM,97.0099667774086,1378,69
06/16/21,295,234,10:35:00 AM,126.068376068376,1388,69
06/16/21,261,264,10:38:00 AM,98.8636363636364,1392,70
06/16/21,131,148,10:53:00 AM,88.5135135135135,1403,70
06/16/21,348,432,10:57:00 AM,80.5555555555556,1402,70
06/16/21,428,466,11:00:00 AM,91.8454935622318,1412,70
06/16/21,243,230,11:04:00 AM,105.652173913043,1416,70
06/16/21,148,189,11:15:00 AM,78.3068783068783,1433,71
06/16/21,209,223,11:20:00 AM,93.7219730941704,1440,71
06/16/21,252,216,09:13:00 PM,116.666666666667,460,75
06/16/21,227,216,09:18:00 PM,105.092592592593,473,74
06/16/21,200,175,09:21:00 PM,114.285714285714,473,74
06/16/21,213,225,10:49:00 PM,94.6666666666667,488,68
06/16/21,230,297,11:40:00 PM,77.4410774410774,623,71
06/16/21,112,146,11:56:00 PM,76.7123287671233,598,71
06/17/21,223,188,10:55:00 AM,118.617021276596,1103,71
06/17/21,332,322,11:57:00 AM,103.105590062112,1245,73
06/17/21,204,174,12:00:00 PM,117.241379310345,1250,73
06/17/21,314,411,12:12:00 PM,76.3990267639903,1273,74
06/17/21,154,146,12:45:00 PM,105.479452054795,1324,75
06/17/21,250,302,12:48:00 PM,82.7814569536424,1324,75
06/17/21,215,250,01:07:00 PM,86,1356,76
06/17/21,291,359,01:13:00 PM,81.058495821727,1373,76
06/17/21,200,175,01:29:00 PM,114.285714285714,1400,76
06/17/21,159,186,01:34:00 PM,85.4838709677419,1400,76
06/17/21,167,211,01:49:00 PM,79.1469194312796,997,76
06/17/21,225,261,02:35:00 PM,86.2068965517241,792,75
06/17/21,250,208,03:00:00 PM,120.192307692308,750,74
06/17/21,290,204,03:04:00 PM,142.156862745098,753,74
06/17/21,234,236,03:07:00 PM,99.1525423728814,748,74
06/17/21,197,219,03:11:00 PM,89.9543378995434,738,74
06/17/21,212,156,09:49:00 PM,135.897435897436,476,76
06/17/21,274,257,09:52:00 PM,106.614785992218,480,76
06/17/21,190,201,09:56:00 PM,94.5273631840796,483,75
06/17/21,113,117,09:59:00 PM,96.5811965811966,482,75
06/17/21,118,124,10:03:00 PM,95.1612903225807,481,75
06/17/21,260,209,10:07:00 PM,124.401913875598,484,75
06/17/21,207,161,11:28:00 PM,128.571428571429,516,69
06/17/21,266,418,11:32:00 AM,63.6363636363636,515,69
06/17/21,335,301,11:39:00 PM,111.295681063123,509,69
06/17/21,141,143,11:43:00 PM,98.6013986013986,499,69
06/17/21,217,235,11:47:00 PM,92.3404255319149,503,69
06/17/21,261,219,11:51:00 PM,119.178082191781,503,69
06/18/21,182,179,11:16:00 AM,101.675977653631,1237,71
06/18/21,221,172,11:20:00 AM,128.488372093023,1243,71
06/18/21,273,224,11:24:00 AM,121.875,1240,71
06/18/21,265,293,11:28:00 AM,90.4436860068259,1244,71
06/18/21,222,185,11:48:00 AM,120,1083,72
06/18/21,169,131,11:52:00 AM,129.007633587786,1098,72
06/18/21,203,195,11:55:00 AM,104.102564102564,1117,72
06/18/21,201,175,03:10:00 PM,114.857142857143,1143,78
06/18/21,257,190,03:14:00 PM,135.263157894737,1078,77
06/18/21,256,223,03:18:00 PM,114.798206278027,975,76
06/18/21,252,230,03:22:00 PM,109.565217391304,975,76
06/18/21,185,177,04:50:00 PM,104.519774011299,687,74
06/18/21,228,326,04:54:00 PM,69.9386503067485,687,74
06/18/21,170,189,05:04:00 PM,89.9470899470899,659,74
06/18/21,330,230,09:36:00 PM,143.478260869565,520,75
06/18/21,252,339,09:40:00 PM,74.3362831858407,520,75
06/18/21,226,201,11:32:00 PM,112.437810945274,540,69
06/18/21,306,257,11:36:00 PM,119.066147859922,552,69
06/18/21,169,165,11:39:00 PM,102.424242424242,567,69
06/18/21,278,187,11:43:00 PM,148.663101604278,576,69
06/18/21,318,263,12:55:00 AM,120.912547528517,635,70
06/18/21,167,161,12:59:00 AM,103.726708074534,651,70
06/19/21,236,231,08:01:00 AM,102.164502164502,1012,66
06/19/21,220,226,08:04:00 AM,97.3451327433628,1014,66
06/19/21,154,157,10:24:00 AM,98.0891719745223,968,68
06/19/21,159,185,02:30:00 PM,85.945945945946,1265,74
06/19/21,203,182,04:29:00 PM,111.538461538462,619,71
06/19/21,272,232,07:39:00 PM,117.241379310345,647,76
06/19/21,336,228,07:43:00 PM,147.368421052632,653,76
06/19/21,275,330,07:47:00 PM,83.3333333333333,659,76
06/19/21,173,103,07:51:00 PM,167.961165048544,659,76
06/19/21,235,301,08:08:00 PM,78.0730897009967,645,76
06/19/21,305,261,08:12:00 PM,116.858237547893,646,75
06/19/21,163,200,08:22:00 PM,81.5,666,75
06/19/21,192,245,10:56:00 PM,78.3673469387755,737,71
06/19/21,277,309,01:55:00 AM,89.6440129449838,1157,70
06/20/21,233,239,11:59:00 AM,97.489539748954,1082,70
06/20/21,225,222,01:45:00 PM,101.351351351351,605,72
06/20/21,171,171,06:56:00 PM,100,419,76
06/20/21,188,152,08:45:00 PM,123.684210526316,569,71
06/20/21,236,146,08:51:00 PM,161.643835616438,572,71
06/20/21,160,164,08:55:00 PM,97.5609756097561,580,71
06/20/21,149,190,09:03:00 PM,78.421052631579,617,71
06/20/21,193,190,09:06:00 PM,101.578947368421,625,72
06/20/21,246,227,09:27:00 PM,108.370044052863,686,72
06/20/21,193,180,09:45:00 PM,107.222222222222,659,72
06/20/21,196,205,09:49:00 PM,95.609756097561,652,72
06/20/21,307,281,10:13:00 PM,109.252669039146,652,72
06/20/21,212,213,01:46:00 AM,99.5305164319249,925,71
06/21/21,141,177,11:55:00 AM,79.6610169491525,1320,70
06/21/21,258,296,11:59:00 AM,87.1621621621622,1320,70
06/21/21,141,142,12:04:00 PM,99.2957746478873,1320,70
06/21/21,165,134,12:25:00 PM,123.134328358209,1346,71
06/21/21,262,205,12:55:00 PM,127.804878048781,1212,71
06/21/21,157,155,01:59:00 PM,101.290322580645,1359,72
06/21/21,243,205,04:19:00 PM,118.536585365854,909,74
06/21/21,224,149,04:23:00 PM,150.335570469799,905,74
06/21/21,310,329,05:33:00 PM,94.2249240121581,744,72
06/21/21,302,290,09:16:00 PM,104.137931034483,1118,74
06/21/21,233,237,09:43:00 PM,98.3122362869198,1170,74
06/21/21,226,229,10:41:00 PM,98.6899563318777,1226,73
06/21/21,120,132,11:52:00 PM,90.9090909090909,1395,73
06/21/21,212,198,12:18:00 AM,107.070707070707,1410,73
06/21/21,256,280,01:07:00 AM,91.4285714285714,1434,72
06/21/21,116,143,02:12:00 AM,81.1188811188811,1303,72
06/22/21,214,203,12:58:00 PM,105.418719211823,1499,74
06/22/21,164,155,01:25:00 PM,105.806451612903,1550,74
06/22/21,183,167,01:28:00 PM,109.580838323353,1561,74
06/22/21,214,186,01:36:00 PM,115.05376344086,1578,75
06/22/21,181,230,01:54:00 PM,78.695652173913,1255,74
06/22/21,235,192,02:06:00 PM,122.395833333333,1287,75
06/22/21,245,248,02:28:00 PM,98.7903225806452,1347,75
06/22/21,195,194,04:22:00 PM,100.515463917526,866,74
06/22/21,278,308,09:34:00 PM,90.2597402597403,1483,75
06/22/21,341,370,09:49:00 PM,92.1621621621622,1505,75
06/22/21,187,200,12:23:00 AM,93.5,1257,71
06/22/21,247,324,12:27:00 AM,76.2345679012346,1258,71
06/23/21,229,220,12:41:00 PM,104.090909090909,1479,72
06/23/21,162,172,12:45:00 PM,94.1860465116279,1490,72
06/23/21,277,221,12:48:00 PM,125.339366515837,1490,72
06/23/21,132,155,12:53:00 PM,85.1612903225806,1491,72
06/23/21,182,167,12:56:00 PM,108.982035928144,690,70
06/23/21,180,168,01:00:00 PM,107.142857142857,595,69
06/23/21,228,188,01:07:00 PM,121.276595744681,476,68
06/23/21,179,181,01:42:00 PM,98.8950276243094,871,73
06/23/21,194,159,01:46:00 PM,122.012578616352,893,73
06/23/21,247,203,03:57:00 PM,121.674876847291,1179,76
06/23/21,251,337,04:01:00 PM,74.4807121661721,1181,76
06/23/21,138,139,04:14:00 PM,99.2805755395684,1197,76
06/23/21,125,110,04:20:00 PM,113.636363636364,1210,76
06/23/21,201,154,04:28:00 PM,130.519480519481,1210,76
06/23/21,114,118,10:05:00 PM,96.6101694915254,687,73
06/23/21,257,267,10:09:00 PM,96.2546816479401,684,73
06/23/21,169,135,10:13:00 PM,125.185185185185,623,72
06/23/21,189,207,10:51:00 PM,91.304347826087,654,69
06/23/21,218,218,01:02:00 PM,100,958,70
06/23/21,138,113,11:38:00 AM,122.12389380531,1374,70
06/24/21,298,300,11:41:00 AM,99.3333333333333,1383,70
06/24/21,198,164,06:44:00 PM,120.731707317073,814,79
06/24/21,270,212,06:48:00 PM,127.358490566038,824,79
06/24/21,169,149,06:52:00 PM,113.422818791946,800,79
06/24/21,194,272,06:58:00 PM,71.3235294117647,800,79
06/24/21,208,210,07:17:00 PM,99.0476190476191,797,80
06/24/21,284,243,07:21:00 PM,116.872427983539,799,80
06/24/21,172,180,07:24:00 PM,95.5555555555556,803,80
06/24/21,264,285,09:19:00 PM,92.6315789473684,770,70
06/25/21,281,365,11:45:00 AM,76.986301369863,1337,68
06/25/21,169,162,12:10:00 PM,104.320987654321,1326,70
06/25/21,129,133,12:14:00 PM,96.9924812030075,1328,79
06/25/21,219,280,12:58:00 PM,78.2142857142857,1278,70
06/25/21,291,302,01:15:00 PM,96.3576158940397,1309,70
06/25/21,255,269,02:37:00 PM,94.7955390334573,1490,72
06/25/21,183,291,03:39:00 PM,62.8865979381443,1429,74
06/25/21,127,116,05:32:00 PM,109.48275862069,1268,78
06/25/21,325,343,05:36:00 PM,94.7521865889213,1287,78
06/26/21,197,144,11:19:00 AM,136.805555555556,1034,69
06/26/21,240,316,11:23:00 AM,75.9493670886076,1037,70
06/26/21,252,280,11:27:00 AM,90,1034,70
06/26/21,249,188,08:14:00 PM,132.446808510638,920,79
06/26/21,282,380,08:25:00 PM,74.2105263157895,944,78
06/26/21,278,296,20:25:00,93.9189189189189,949,78
06/27/21,347,366,10:50:00 AM,94.8087431693989,841,69
06/27/21,273,223,10:57:00 AM,122.421524663677,853,69
06/27/21,268,232,11:01:00 AM,115.51724137931,865,70
06/27/21,77,64,11:04:00 AM,120.3125,873,70
06/27/21,235,250,11:08:00 AM,94,877,70
06/27/21,190,175,11:11:00 AM,108.571428571429,882,70
06/27/21,308,388,11:15:00 AM,79.3814432989691,890,70
06/27/21,306,262,11:47:00 AM,116.793893129771,900,70
06/27/21,185,172,11:54:00 AM,107.558139534884,956,71
06/27/21,253,222,11:58:00 AM,113.963963963964,961,71
06/27/21,253,278,03:15:00 PM,91.0071942446043,895,75
06/27/21,184,181,03:19:00 PM,101.657458563536,898,75
06/27/21,180,199,03:22:00 PM,90.4522613065327,900,75
06/27/21,287,218,05:56:00 PM,131.651376146789,574,76
06/27/21,336,375,06:03:00 PM,89.6,568,76
06/27/21,224,201,06:23:00 PM,111.442786069652,528,75
06/27/21,234,256,07:37:00 PM,91.40625,594,77
06/27/21,227,286,08:27:00 PM,79.3706293706294,577,76
06/27/21,126,122,08:38:00 PM,103.27868852459,553,75
06/27/21,165,150,08:59:00 PM,110,553,75
06/27/21,153,133,10:53:00 PM,115.037593984962,943,75
06/27/21,239,190,10:58:00 PM,125.789473684211,969,75
06/27/21,256,271,01:56:00 AM,94.4649446494465,874,71
06/28/21,160,163,03:56:00 PM,98.159509202454,1065,76
06/28/21,268,244,03:50:00 PM,109.836065573771,1085,76
06/28/21,300,308,03:53:00 PM,97.4025974025974,1098,76
06/28/21,104,93,03:57:00 PM,111.827956989247,1106,77
06/28/21,259,242,04:00:00 PM,107.02479338843,1123,77
06/28/21,151,189,07:21:00 PM,79.8941798941799,632,81
06/28/21,158,127,07:25:00 PM,124.409448818898,639,81
06/28/21,192,185,07:34:00 PM,103.783783783784,640,80
06/28/21,163,227,09:37:00 PM,71.8061674008811,450,70
06/28/21,341,500,09:42:00 PM,68.2,439,70
06/28/21,215,208,09:46:00 PM,103.365384615385,434,70
06/28/21,201,224,09:51:00 PM,89.7321428571429,424,70
06/28/21,171,185,12:44:00 AM,92.4324324324324,670,72
06/29/21,171,216,07:39:00 AM,79.1666666666667,692,69
06/29/21,183,215,07:43:00 AM,85.1162790697675,702,69
06/29/21,228,176,07:46:00 AM,129.545454545455,711,69
06/29/21,135,101,07:50:00 AM,133.663366336634,725,69
06/29/21,185,158,07:53:00 AM,117.088607594937,725,69
06/29/21,119,110,07:57:00 AM,108.181818181818,730,70
06/29/21,179,166,11:10:00 AM,107.831325301205,1015,71
06/29/21,167,155,11:14:00 AM,107.741935483871,1033,71
06/29/21,218,246,11:57:00 AM,88.6178861788618,1033,72
06/29/21,187,194,,96.3917525773196,1038,72
06/29/21,187,164,04:15:00 PM,114.024390243902,1115,79
06/29/21,162,216,09:43:00 PM,75,394,75
06/29/21,276,363,11:37:00 PM,76.0330578512397,392,68
06/29/21,136,137,01:12:00 AM,99.2700729927007,654,71
06/30/21,232,225,02:30:00 PM,103.111111111111,963,73
06/30/21,190,196,02:33:00 PM,96.9387755102041,974,73
06/30/21,127,156,02:52:00 PM,81.4102564102564,966,73
06/30/21,230,265,03:07:00 PM,86.7924528301887,958,74
06/30/21,255,236,03:26:00 PM,108.050847457627,795,73
06/30/21,229,252,03:40:00 PM,90.8730158730159,801,73
06/30/21,247,228,08:24:00 PM,108.333333333333,799,73
06/30/21,298,227,08:28:00 PM,131.277533039648,739,73
06/30/21,183,174,11:03:00 PM,105.172413793103,981,72
06/30/21,153,192,01:08:00 PM,79.6875,858,71
07/01/21,271,244,06:04:00 PM,111.065573770492,525,74
07/01/21,208,175,06:08:00 PM,118.857142857143,523,74
07/01/21,227,222,06:11:00 PM,102.252252252252,518,74
07/01/21,213,148,06:15:00 PM,143.918918918919,513,74
07/01/21,248,212,06:19:00 PM,116.981132075472,518,74
07/01/21,108,92,08:52:00 PM,117.391304347826,901,76
07/01/21,157,121,08:56:00 PM,129.752066115702,830,76
07/01/21,290,302,09:10:00 PM,96.0264900662252,842,75
07/01/21,263,243,09:13:00 PM,108.230452674897,808,74
07/01/21,316,301,09:17:00 PM,104.983388704319,778,74
07/01/21,176,107,11:31:00 PM,164.485981308411,578,69
07/01/21,230,267,11:34:00 PM,86.1423220973783,575,70
07/01/21,248,188,11:38:00 PM,131.914893617021,578,79
07/01/21,269,213,11:42:00 PM,126.291079812207,596,70
07/01/21,167,149,12:18:00 PM,112.080536912752,664,70
07/01/21,244,234,12:22:00 PM,104.273504273504,668,70
07/01/21,320,356,12:34:00 PM,89.8876404494382,690,70
07/02/21,196,218,10:59:00 AM,89.908256880734,920,70
07/02/21,221,213,11:03:00 AM,103.755868544601,924,70
07/02/21,212,185,11:06:00 AM,114.594594594595,930,70
07/02/21,226,234,11:10:00 AM,96.5811965811966,932,70
07/02/21,209,180,01:22:00 PM,116.111111111111,1061,73
07/02/21,382,316,01:25:00 PM,120.886075949367,1065,73
07/02/21,256,247,01:29:00 PM,103.643724696356,1073,73
07/02/21,315,380,01:32:00 PM,82.8947368421053,1079,73
07/02/21,231,223,01:51:00 PM,103.587443946188,1128,73
07/02/21,228,249,01:54:00 PM,91.566265060241,1128,73
07/02/21,348,310,02:04:00 PM,112.258064516129,1148,73
07/02/21,247,248,09:23:00 PM,99.5967741935484,433,74
07/02/21,218,242,09:27:00 PM,90.0826446280992,448,73
07/02/21,213,206,02:52:00 AM,103.398058252427,778,70
07/02/21,194,159,02:55:00 AM,122.012578616352,777,70
07/02/21,116,127,02:59:00 AM,91.3385826771654,781,70
07/02/21,214,189,03:18:00 AM,113.227513227513,818,70
07/02/21,291,325,03:22:00 AM,89.5384615384615,825,70
07/02/21,357,221,03:35:00 AM,161.538461538462,840,70
07/02/21,311,290,03:39:00 AM,107.241379310345,845,70
07/02/21,246,275,03:53:00 AM,89.4545454545455,859,70
07/03/21,297,390,01:26:00 PM,76.1538461538462,1110,73
07/03/21,205,221,01:31:00 PM,92.7601809954751,1140,73
07/03/21,273,214,01:34:00 PM,127.570093457944,1147,73
07/03/21,281,398,08:54:00 PM,70.6030150753769,545,74
07/03/21,276,339,08:58:00 PM,81.4159292035398,550,74
07/03/21,171,201,09:09:00 PM,85.0746268656716,538,71
07/03/21,169,128,09:27:00 PM,132.03125,516,70
07/03/21,206,234,09:31:00 PM,88.034188034188,513,70
07/03/21,209,217,11:28:00 PM,96.3133640552995,654,70
07/03/21,129,141,12:17:00 AM,91.4893617021277,796,71
07/03/21,192,197,01:36:00 AM,97.4619289340102,940,71
07/03/21,235,194,01:41:00 AM,121.134020618557,934,71
07/04/21,217,199,11:37:00 AM,109.045226130653,1276,70
07/04/21,157,231,11:41:00 AM,67.965367965368,1288,70
07/04/21,243,168,01:22:00 PM,144.642857142857,860,72
07/04/21,278,261,01:26:00 PM,106.513409961686,893,72
07/04/21,203,168,01:29:00 PM,120.833333333333,908,72
07/04/21,154,163,01:40:00 PM,94.478527607362,943,72
07/04/21,222,290,04:58:00 PM,76.551724137931,700,74
07/04/21,296,370,05:45:00 PM,80,634,75
07/04/21,254,202,11:58:00 PM,125.742574257426,668,72
07/04/21,311,317,12:03:00 AM,98.1072555205047,694,72
07/05/21,260,225,07:48:00 AM,115.555555555556,966,68
07/05/21,228,207,07:51:00 AM,110.144927536232,974,69
07/05/21,170,163,07:55:00 AM,104.294478527607,986,69
07/05/21,209,195,07:58:00 AM,107.179487179487,991,68
07/05/21,223,198,08:19:00 AM,112.626262626263,1042,69
07/05/21,218,246,08:22:00 AM,88.6178861788618,1047,69
07/05/21,193,223,03:58:00 PM,86.5470852017937,1473,76
07/05/21,142,176,11:46:00 PM,80.6818181818182,725,71
07/05/21,269,304,11:59:00 PM,88.4868421052632,708,71
07/06/21,306,214,10:16:00 AM,142.990654205607,1014,69
07/06/21,242,285,10:50:00 AM,84.9122807017544,1016,69
07/06/21,399,340,10:54:00 AM,117.352941176471,1013,69
07/06/21,275,263,10:58:00 AM,104.562737642586,1015,69
07/06/21,272,240,11:17:00 AM,113.333333333333,1020,70
07/06/21,314,235,11:55:00 AM,133.617021276596,895,70
07/06/21,189,208,12:37:00 PM,90.8653846153846,966,71
07/06/21,193,212,01:27:00 PM,91.0377358490566,1041,71
07/06/21,231,215,02:39:00 PM,107.441860465116,1140,73
07/06/21,203,160,03:10:00 PM,126.875,1016,74
07/06/21,116,110,03:14:00 PM,105.454545454545,1009,74
07/06/21,197,237,03:18:00 PM,83.1223628691983,1014,74
07/06/21,216,202,03:54:00 PM,106.930693069307,1068,75
07/06/21,144,180,06:26:00 PM,80,1938,81
07/06/21,195,155,09:56:00 PM,125.806451612903,784,73
07/06/21,372,329,10:00:00 PM,113.06990881459,795,73
07/06/21,234,203,11:31:00 PM,115.270935960591,690,73
07/06/21,199,235,11:35:00 PM,84.6808510638298,726,73
07/06/21,318,256,11:50:00 PM,124.21875,779,73
07/07/21,227,232,11:58:00 AM,97.8448275862069,704,70
07/07/21,253,274,03:11:00 PM,92.3357664233577,1012,73
07/07/21,244,267,04:10:00 PM,91.3857677902622,1085,75
07/08/21,181,189,11:35:00 AM,95.7671957671958,1070,70
07/08/21,183,202,11:39:00 AM,90.5940594059406,1077,70
07/08/21,172,169,11:46:00 AM,101.775147928994,1079,71
07/08/21,234,207,12:29:00 PM,113.04347826087,986,72
07/08/21,254,238,12:32:00 PM,106.72268907563,981,72
07/08/21,216,135,12:37:00 PM,160,971,72
07/08/21,283,287,12:52:00 PM,98.6062717770035,1002,72
07/08/21,241,282,07:38:00 PM,85.4609929078014,1052,78
07/08/21,151,114,07:42:00 PM,132.456140350877,1027,78
07/08/21,212,260,07:47:00 PM,81.5384615384615,1004,78
07/08/21,341,367,08:35:00 PM,92.9155313351499,888,75
07/08/21,185,172,11:51:00 PM,107.558139534884,747,71
07/08/21,200,224,11:54:00 PM,89.2857142857143,734,71
07/08/21,200,171,12:01:00 AM,116.959064327485,694,69
07/09/21,256,304,11:09:00 PM,84.2105263157895,511,73
07/09/21,202,183,11:14:00 PM,110.382513661202,517,72
07/10/21,165,190,12:20:00 PM,86.8421052631579,1043,71
07/10/21,157,136,12:31:00 PM,115.441176470588,1050,72
07/10/21,207,220,05:23:00 PM,94.0909090909091,1228,80
07/10/21,230,187,05:43:00 PM,122.994652406417,959,80
07/10/21,133,148,06:15:00 PM,89.8648648648649,674,79
07/10/21,323,326,11:54:00 PM,99.079754601227,677,72
07/10/21,342,306,12:02:00 AM,111.764705882353,721,72
07/10/21,301,288,12:05:00 AM,104.513888888889,710,72
07/10/21,236,219,01:08:00 PM,107.762557077626,830,72
07/11/21,165,194,12:58:00 PM,85.0515463917526,1099,71
07/11/21,198,228,01:02:00 PM,86.8421052631579,1177,71
07/11/21,206,169,01:05:00 PM,121.89349112426,1192,71
07/11/21,228,194,01:09:00 PM,117.525773195876,1142,71
07/11/21,189,141,03:14:00 PM,134.042553191489,1182,75
07/11/21,168,163,03:18:00 PM,103.067484662577,1067,74
07/11/21,294,224,03:22:00 PM,131.25,1012,73
07/11/21,146,141,08:44:00 PM,103.54609929078,691,72
07/11/21,266,271,12:06:00 AM,98.1549815498155,1220,71
07/11/21,158,180,12:09:00 AM,87.7777777777778,1224,71
07/12/21,217,240,12:23:00 PM,90.4166666666667,534,69
07/12/21,137,134,04:44:00 PM,102.238805970149,983,75
07/12/21,271,253,04:48:00 PM,107.114624505929,977,75
07/12/21,153,172,05:55:00 PM,88.953488372093,866,78
07/12/21,284,278,01:30:00 AM,102.158273381295,459,70
07/13/21,154,180,10:10:00 AM,85.5555555555556,553,67
07/13/21,234,203,12:08:00 PM,115.270935960591,770,69
07/13/21,146,192,04:30:00 PM,76.0416666666667,1119,74
07/13/21,87,158,04:33:00 PM,55.0632911392405,1126,75
07/13/21,324,260,12:12:00 AM,124.615384615385,758,71
07/13/21,176,138,12:15:00 AM,127.536231884058,763,71
07/13/21,208,250,12:48:00 AM,83.2,794,71
07/13/21,173,182,11:31:00 PM,95.0549450549451,791,71
07/13/21,264,308,11:34:00 PM,85.7142857142857,792,71
07/13/21,240,299,12:16:00 AM,80.2675585284281,873,71
07/16/21,192,284,10:45:00 AM,67.6056338028169,1060,68
07/16/21,188,171,12:25:00 AM,109.941520467836,637,69
07/16/21,323,320,12:32:00 AM,100.9375,633,69
07/16/21,312,242,12:36:00 AM,128.925619834711,647,69
07/16/21,261,266,12:39:00 AM,98.1203007518797,650,69
07/16/21,316,295,12:43:00 AM,107.118644067797,661,69
07/16/21,263,235,12:47:00 AM,111.914893617021,666,69
07/16/21,348,364,12:51:00 AM,95.6043956043956,678,69
07/16/21,294,241,12:54:00 AM,121.991701244813,673,69
07/16/21,193,157,12:58:00 AM,122.929936305732,680,69
07/16/21,231,209,01:01:00 AM,110.526315789474,693,69
07/17/21,286,270,11:13:00 AM,105.925925925926,1229,69
07/17/21,144,122,11:17:00 AM,118.032786885246,1223,69
07/17/21,206,188,11:20:00 AM,109.574468085106,1227,69
07/17/21,180,167,12:47:00 PM,107.784431137725,1042,71
07/17/21,261,285,12:56:00 PM,91.5789473684211,1047,71
07/17/21,193,178,01:00:00 PM,108.426966292135,1061,71
07/17/21,165,302,01:08:00 PM,54.635761589404,1079,72
07/17/21,173,178,01:12:00 PM,97.1910112359551,1098,72
07/17/21,132,131,12:13:00 AM,100.763358778626,875,70
07/17/21,234,191,12:17:00 AM,122.513089005236,874,70
07/17/21,375,299,12:22:00 AM,125.418060200669,866,70
07/17/21,241,209,12:26:00 AM,115.311004784689,874,70
07/17/21,148,156,12:30:00 AM,94.8717948717949,886,70
07/17/21,257,199,12:33:00 AM,129.145728643216,892,70
07/17/21,329,261,01:42:00 AM,126.053639846743,1013,70
07/17/21,224,257,01:46:00 AM,87.15953307393,1015,70
07/17/21,113,156,01:49:00 AM,72.4358974358974,1017,70
07/17/21,188,144,01:55:00 AM,130.555555555556,1023,69
07/17/21,248,180,01:58:00 AM,137.777777777778,1030,69
07/17/21,117,134,02:02:00 AM,87.3134328358209,1030,69
07/18/21,208,336,12:37:00 PM,61.9047619047619,1367,70
07/18/21,219,232,04:34:00 PM,94.3965517241379,1581,77
07/18/21,275,264,04:36:00 PM,104.166666666667,1583,77
07/18/21,241,249,04:39:00 PM,96.7871485943775,1575,77
07/21/21,185,202,11:00:00 AM,91.5841584158416,898,69
07/21/21,241,208,11:21:00 AM,115.865384615385,898,69
07/21/21,146,164,11:26:00 AM,89.0243902439024,898,69
07/21/21,222,208,11:29:00 AM,106.730769230769,898,69
07/21/21,247,242,08:04:00 PM,102.066115702479,586,77
07/21/21,171,161,01:46:00 AM,106.211180124224,740,70
07/21/21,231,182,01:52:00 AM,126.923076923077,751,70
07/21/21,292,313,01:56:00 AM,93.2907348242811,760,70
07/21/21,262,270,02:00:00 AM,97.037037037037,767,70
07/22/21,266,266,02:30:00 PM,100,766,74
07/22/21,170,145,02:51:00 PM,117.241379310345,782,74
07/22/21,237,239,02:56:00 PM,99.163179916318,821,74
07/23/21,259,261,11:15:00 AM,99.2337164750958,1044,67
07/24/21,279,265,10:20:00 AM,105.283018867925,921,68
07/24/21,168,137,10:24:00 AM,122.627737226277,941,68
07/24/21,188,168,10:28:00 AM,111.904761904762,960,68
07/24/21,310,240,10:32:00 AM,129.166666666667,975,68
07/24/21,210,168,12:40:00 AM,125,972,70
07/24/21,246,232,12:44:00 AM,106.034482758621,954,70
07/24/21,343,362,12:48:00 AM,94.7513812154696,953,70
07/25/21,252,266,11:43:00 AM,94.7368421052632,939,70
07/25/21,220,250,11:47:00 AM,88,950,70
07/25/21,253,269,04:10:00 PM,94.0520446096654,541,73
07/25/21,228,206,09:35:00 PM,110.679611650485,587,69
07/25/21,315,238,09:39:00 PM,132.352941176471,578,68
07/25/21,205,213,09:43:00 PM,96.2441314553991,567,69
07/25/21,201,200,10:43:00 PM,100.5,552,69
07/25/21,364,352,11:12:00 PM,103.409090909091,631,70
07/25/21,150,115,07:03:00 AM,130.434782608696,1305,69
07/25/21,272,253,07:06:00 AM,107.509881422925,1304,69
07/25/21,250,208,07:10:00 AM,120.192307692308,1302,69
07/25/21,276,316,02:11:00 AM,87.3417721518987,1098,70
07/28/21,216,277,10:42:00 AM,77.9783393501805,1236,71
08/02/21,378,351,11:43:00 PM,107.692307692308,1231,74
08/02/21,254,293,11:47:00 PM,86.6894197952218,1251,74
08/02/21,315,305,11:51:00 PM,103.27868852459,1267,74
08/02/21,164,161,11:54:00 PM,101.863354037267,1284,74
08/06/21,204,213,08:46:00 PM,95.7746478873239,943,76
08/06/21,182,253,09:33:00 PM,71.9367588932806,1084,76
08/09/21,247,173,12:54:00 PM,142.774566473988,1198,73
08/09/21,246,227,12:58:00 PM,108.370044052863,1210,73
08/09/21,188,151,01:01:00 PM,124.503311258278,1217,73
08/09/21,237,180,01:05:00 PM,131.666666666667,1218,73
